{
    "countries": [
        {
          "Fifa": "TPE",
          "Phone_Prefix": "+886",
          "Country_Code_2": "TWN",
          "Country_Code_1": "TW",
          "Country_Name": "Taiwan"
          
        },
        {
          "Fifa": "AFG",
          "Phone_Prefix": "+93",
          "Country_Code_2": "AFG",
          "Country_Code_1": "AF",
          "Country_Name": "Afghanistan"
        },
        {
          "Fifa": "ALB",
          "Phone_Prefix": "+355",
          "Country_Code_2": "ALB",
          "Country_Code_1": "AL",
          "Country_Name": "Albania"
        },
        {
          "Fifa": "ALG",
          "Phone_Prefix": "+213",
          "Country_Code_2": "DZA",
          "Country_Code_1": "DZ",
          "Country_Name": "Algeria"
        },
        {
          "Fifa": "ASA",
          "Phone_Prefix": "+1-684",
          "Country_Code_2": "ASM",
          "Country_Code_1": "AS",
          "Country_Name": "American Samoa"
        },
        {
          "Fifa": "AND",
          "Phone_Prefix": "+376",
          "Country_Code_2": "AND",
          "Country_Code_1": "AD",
          "Country_Name": "Andorra"
        },
        {
          "Fifa": "ANG",
          "Phone_Prefix": "+244",
          "Country_Code_2": "AGO",
          "Country_Code_1": "AO",
          "Country_Name": "Angola"
        },
        {
          "Fifa": "AIA",
          "Phone_Prefix": "+1-264",
          "Country_Code_2": "AIA",
          "Country_Code_1": "AI",
          "Country_Name": "Anguilla"
        },
        {
          "Fifa": "ROS",
          "Phone_Prefix": "+672",
          "Country_Code_2": "ATA",
          "Country_Code_1": "AQ",
          "Country_Name": "Antarctica"
        },
        {
          "Fifa": "ATG",
          "Phone_Prefix": "+1-268",
          "Country_Code_2": "ATG",
          "Country_Code_1": "AG",
          "Country_Name": "Antigua & Barbuda"
        },
        {
          "Fifa": "ARG",
          "Phone_Prefix": "+54",
          "Country_Code_2": "ARG",
          "Country_Code_1": "AR",
          "Country_Name": "Argentina"
        },
        {
          "Fifa": "ARM",
          "Phone_Prefix": "+374",
          "Country_Code_2": "ARM",
          "Country_Code_1": "AM",
          "Country_Name": "Armenia"
        },
        {
          "Fifa": "ARU",
          "Phone_Prefix": "+297",
          "Country_Code_2": "ABW",
          "Country_Code_1": "AW",
          "Country_Name": "Aruba"
        },
        {
          "Fifa": "AUS",
          "Phone_Prefix": "+61",
          "Country_Code_2": "AUS",
          "Country_Code_1": "AU",
          "Country_Name": "Australia"
        },
        {
          "Fifa": "AUT",
          "Phone_Prefix": "+43",
          "Country_Code_2": "AUT",
          "Country_Code_1": "AT",
          "Country_Name": "Austria"
        },
        {
          "Fifa": "AZE",
          "Phone_Prefix": "+994",
          "Country_Code_2": "AZE",
          "Country_Code_1": "AZ",
          "Country_Name": "Azerbaijan"
        },
        {
          "Fifa": "BAH",
          "Phone_Prefix": "+1-242",
          "Country_Code_2": "BHS",
          "Country_Code_1": "BS",
          "Country_Name": "Bahamas"
        },
        {
          "Fifa": "BHR",
          "Phone_Prefix": "+973",
          "Country_Code_2": "BHR",
          "Country_Code_1": "BH",
          "Country_Name": "Bahrain"
        },
        {
          "Fifa": "BAN",
          "Phone_Prefix": "+880",
          "Country_Code_2": "BGD",
          "Country_Code_1": "BD",
          "Country_Name": "Bangladesh"
        },
        {
          "Fifa": "BRB",
          "Phone_Prefix": "+1-246",
          "Country_Code_2": "BRB",
          "Country_Code_1": "BB",
          "Country_Name": "Barbados"
        },
        {
          "Fifa": "BLR",
          "Phone_Prefix": "+375",
          "Country_Code_2": "BLR",
          "Country_Code_1": "BY",
          "Country_Name": "Belarus"
        },
        {
          "Fifa": "BEL",
          "Phone_Prefix": "+32",
          "Country_Code_2": "BEL",
          "Country_Code_1": "BE",
          "Country_Name": "Belgium"
        },
        {
          "Fifa": "BLZ",
          "Phone_Prefix": "+501",
          "Country_Code_2": "BLZ",
          "Country_Code_1": "BZ",
          "Country_Name": "Belize"
        },
        {
          "Fifa": "BEN",
          "Phone_Prefix": "+229",
          "Country_Code_2": "BEN",
          "Country_Code_1": "BJ",
          "Country_Name": "Benin"
        },
        {
          "Fifa": "BER",
          "Phone_Prefix": "+1-441",
          "Country_Code_2": "BMU",
          "Country_Code_1": "BM",
          "Country_Name": "Bermuda"
        },
        {
          "Fifa": "BHU",
          "Phone_Prefix": "+975",
          "Country_Code_2": "BTN",
          "Country_Code_1": "BT",
          "Country_Name": "Bhutan"
        },
        {
          "Fifa": "BOL",
          "Phone_Prefix": "+591",
          "Country_Code_2": "BOL",
          "Country_Code_1": "BO",
          "Country_Name": "Bolivia"
        },
        {
          "Fifa": "ANT",
          "Phone_Prefix": "+599",
          "Country_Code_2": "BES",
          "Country_Code_1": "BQ",
          "Country_Name": "Caribbean Netherlands"
        },
        {
          "Fifa": "BIH",
          "Phone_Prefix": "+387",
          "Country_Code_2": "BIH",
          "Country_Code_1": "BA",
          "Country_Name": "Bosnia"
        },
        {
          "Fifa": "BOT",
          "Phone_Prefix": "+267",
          "Country_Code_2": "BWA",
          "Country_Code_1": "BW",
          "Country_Name": "Botswana"
        },
        {
          "Fifa": null,
          "Phone_Prefix": "+47",
          "Country_Code_2": "BVT",
          "Country_Code_1": "BV",
          "Country_Name": "Bouvet Island"
        },
        {
          "Fifa": "BRA",
          "Phone_Prefix": "+55",
          "Country_Code_2": "BRA",
          "Country_Code_1": "BR",
          "Country_Name": "Brazil"
        },
        {
          "Fifa": null,
          "Phone_Prefix": "+246",
          "Country_Code_2": "IOT",
          "Country_Code_1": "IO",
          "Country_Name": "British Indian Ocean Territory"
        },
        {
          "Fifa": "VGB",
          "Phone_Prefix": "+1-284",
          "Country_Code_2": "VGB",
          "Country_Code_1": "VG",
          "Country_Name": "British Virgin Islands"
        },
        {
          "Fifa": "BRU",
          "Phone_Prefix": "+673",
          "Country_Code_2": "BRN",
          "Country_Code_1": "BN",
          "Country_Name": "Brunei"
        },
        {
          "Fifa": "BUL",
          "Phone_Prefix": "+359",
          "Country_Code_2": "BGR",
          "Country_Code_1": "BG",
          "Country_Name": "Bulgaria"
        },
        {
          "Fifa": "BFA",
          "Phone_Prefix": "+226",
          "Country_Code_2": "BFA",
          "Country_Code_1": "BF",
          "Country_Name": "Burkina Faso"
        },
        {
          "Fifa": "BDI",
          "Phone_Prefix": "+257",
          "Country_Code_2": "BDI",
          "Country_Code_1": "BI",
          "Country_Name": "Burundi"
        },
        {
          "Fifa": "CPV",
          "Phone_Prefix": "+238",
          "Country_Code_2": "CPV",
          "Country_Code_1": "CV",
          "Country_Name": "Cape Verde"
        },
        {
          "Fifa": "CAM",
          "Phone_Prefix": "+855",
          "Country_Code_2": "KHM",
          "Country_Code_1": "KH",
          "Country_Name": "Cambodia"
        },
        {
          "Fifa": "CMR",
          "Phone_Prefix": "+237",
          "Country_Code_2": "CMR",
          "Country_Code_1": "CM",
          "Country_Name": "Cameroon"
        },
        {
          "Fifa": "CAN",
          "Phone_Prefix": "+1",
          "Country_Code_2": "CAN",
          "Country_Code_1": "CA",
          "Country_Name": "Canada"
        },
        {
          "Fifa": "CAY",
          "Phone_Prefix": "+1-345",
          "Country_Code_2": "CYM",
          "Country_Code_1": "KY",
          "Country_Name": "Cayman Islands"
        },
        {
          "Fifa": "CTA",
          "Phone_Prefix": "+236",
          "Country_Code_2": "CAF",
          "Country_Code_1": "CF",
          "Country_Name": "Central African Republic"
        },
        {
          "Fifa": "CHA",
          "Phone_Prefix": "+235",
          "Country_Code_2": "TCD",
          "Country_Code_1": "TD",
          "Country_Name": "Chad"
        },
        {
          "Fifa": "CHI",
          "Phone_Prefix": "+56",
          "Country_Code_2": "CHL",
          "Country_Code_1": "CL",
          "Country_Name": "Chile"
        },
        {
          "Fifa": "CHN",
          "Phone_Prefix": "+86",
          "Country_Code_2": "CHN",
          "Country_Code_1": "CN",
          "Country_Name": "China"
        },
        {
          "Fifa": "HKG",
          "Phone_Prefix": "+852",
          "Country_Code_2": "HKG",
          "Country_Code_1": "HK",
          "Country_Name": "Hong Kong"
        },
        {
          "Fifa": "MAC",
          "Phone_Prefix": "+853",
          "Country_Code_2": "MAC",
          "Country_Code_1": "MO",
          "Country_Name": "Macau"
        },
        {
          "Fifa": "CXR",
          "Phone_Prefix": "+61",
          "Country_Code_2": "CXR",
          "Country_Code_1": "CX",
          "Country_Name": "Christmas Island"
        },
        {
          "Fifa": "CCK",
          "Phone_Prefix": "+61",
          "Country_Code_2": "CCK",
          "Country_Code_1": "CC",
          "Country_Name": "Cocos (Keeling) Islands"
        },
        {
          "Fifa": "COL",
          "Phone_Prefix": "+57",
          "Country_Code_2": "COL",
          "Country_Code_1": "CO",
          "Country_Name": "Colombia"
        },
        {
          "Fifa": "COM",
          "Phone_Prefix": "+269",
          "Country_Code_2": "COM",
          "Country_Code_1": "KM",
          "Country_Name": "Comoros"
        },
        {
          "Fifa": "CGO",
          "Phone_Prefix": "+242",
          "Country_Code_2": "COG",
          "Country_Code_1": "CG",
          "Country_Name": "Congo - Brazzaville"
        },
        {
          "Fifa": "COK",
          "Phone_Prefix": "+682",
          "Country_Code_2": "COK",
          "Country_Code_1": "CK",
          "Country_Name": "Cook Islands"
        },
        {
          "Fifa": "CRC",
          "Phone_Prefix": "+506",
          "Country_Code_2": "CRI",
          "Country_Code_1": "CR",
          "Country_Name": "Costa Rica"
        },
        {
          "Fifa": "CRO",
          "Phone_Prefix": "+385",
          "Country_Code_2": "HRV",
          "Country_Code_1": "HR",
          "Country_Name": "Croatia"
        },
        {
          "Fifa": "CUB",
          "Phone_Prefix": "+53",
          "Country_Code_2": "CUB",
          "Country_Code_1": "CU",
          "Country_Name": "Cuba"
        },
        {
          "Fifa": null,
          "Phone_Prefix": "+599",
          "Country_Code_2": "CUW",
          "Country_Code_1": "CW",
          "Country_Name": "Cura\\u00e7ao"
        },
        {
          "Fifa": "CYP",
          "Phone_Prefix": "+357",
          "Country_Code_2": "CYP",
          "Country_Code_1": "CY",
          "Country_Name": "Cyprus"
        },
        {
          "Fifa": "CZE",
          "Phone_Prefix": "+420",
          "Country_Code_2": "CZE",
          "Country_Code_1": "CZ",
          "Country_Name": "Czechia"
        },
        {
          "Fifa": "CIV",
          "Phone_Prefix": "+225",
          "Country_Code_2": "CIV",
          "Country_Code_1": "CI",
          "Country_Name": "C\\u00f4te d'Ivoire"
        },
        {
          "Fifa": "PRK",
          "Phone_Prefix": "+850",
          "Country_Code_2": "PRK",
          "Country_Code_1": "KP",
          "Country_Name": "North Korea"
        },
        {
          "Fifa": "COD",
          "Phone_Prefix": "+243",
          "Country_Code_2": "COD",
          "Country_Code_1": "CD",
          "Country_Name": "Congo - Kinshasa"
        },
        {
          "Fifa": "DEN",
          "Phone_Prefix": "+45",
          "Country_Code_2": "DNK",
          "Country_Code_1": "DK",
          "Country_Name": "Denmark"
        },
        {
          "Fifa": "DJI",
          "Phone_Prefix": "+253",
          "Country_Code_2": "DJI",
          "Country_Code_1": "DJ",
          "Country_Name": "Djibouti"
        },
        {
          "Fifa": "DMA",
          "Phone_Prefix": "+1-767",
          "Country_Code_2": "DMA",
          "Country_Code_1": "DM",
          "Country_Name": "Dominica"
        },
        {
          "Fifa": "DOM",
          "Phone_Prefix": "+1-829",
          "Country_Code_2": "DOM",
          "Country_Code_1": "DO",
          "Country_Name": "Dominican Republic"
        },
        {
          "Fifa": "ECU",
          "Phone_Prefix": "+593",
          "Country_Code_2": "ECU",
          "Country_Code_1": "EC",
          "Country_Name": "Ecuador"
        },
        {
          "Fifa": "EGY",
          "Phone_Prefix": "+20",
          "Country_Code_2": "EGY",
          "Country_Code_1": "EG",
          "Country_Name": "Egypt"
        },
        {
          "Fifa": "SLV",
          "Phone_Prefix": "+503",
          "Country_Code_2": "SLV",
          "Country_Code_1": "SV",
          "Country_Name": "El Salvador"
        },
        {
          "Fifa": "EQG",
          "Phone_Prefix": "+240",
          "Country_Code_2": "GNQ",
          "Country_Code_1": "GQ",
          "Country_Name": "Equatorial Guinea"
        },
        {
          "Fifa": "ERI",
          "Phone_Prefix": "+291",
          "Country_Code_2": "ERI",
          "Country_Code_1": "ER",
          "Country_Name": "Eritrea"
        },
        {
          "Fifa": "EST",
          "Phone_Prefix": "+372",
          "Country_Code_2": "EST",
          "Country_Code_1": "EE",
          "Country_Name": "Estonia"
        },
        {
          "Fifa": "SWZ",
          "Phone_Prefix": "+268",
          "Country_Code_2": "SWZ",
          "Country_Code_1": "SZ",
          "Country_Name": "Eswatini"
        },
        {
          "Fifa": "ETH",
          "Phone_Prefix": "+251",
          "Country_Code_2": "ETH",
          "Country_Code_1": "ET",
          "Country_Name": "Ethiopia"
        },
        {
          "Fifa": "FLK",
          "Phone_Prefix": "+500",
          "Country_Code_2": "FLK",
          "Country_Code_1": "FK",
          "Country_Name": "Falkland Islands"
        },
        {
          "Fifa": "FRO",
          "Phone_Prefix": "+298",
          "Country_Code_2": "FRO",
          "Country_Code_1": "FO",
          "Country_Name": "Faroe Islands"
        },
        {
          "Fifa": "FIJ",
          "Phone_Prefix": "+679",
          "Country_Code_2": "FJI",
          "Country_Code_1": "FJ",
          "Country_Name": "Fiji"
        },
        {
          "Fifa": "FIN",
          "Phone_Prefix": "+358",
          "Country_Code_2": "FIN",
          "Country_Code_1": "FI",
          "Country_Name": "Finland"
        },
        {
          "Fifa": "FRA",
          "Phone_Prefix": "+33",
          "Country_Code_2": "FRA",
          "Country_Code_1": "FR",
          "Country_Name": "France"
        },
        {
          "Fifa": "GUF",
          "Phone_Prefix": "+594",
          "Country_Code_2": "GUF",
          "Country_Code_1": "GF",
          "Country_Name": "French Guiana"
        },
        {
          "Fifa": "TAH",
          "Phone_Prefix": "+689",
          "Country_Code_2": "PYF",
          "Country_Code_1": "PF",
          "Country_Name": "French Polynesia"
        },
        {
          "Fifa": null,
          "Phone_Prefix": "+262",
          "Country_Code_2": "ATF",
          "Country_Code_1": "TF",
          "Country_Name": "French Southern Territories"
        },
        {
          "Fifa": "GAB",
          "Phone_Prefix": "+241",
          "Country_Code_2": "GAB",
          "Country_Code_1": "GA",
          "Country_Name": "Gabon"
        },
        {
          "Fifa": "GAM",
          "Phone_Prefix": "+220",
          "Country_Code_2": "GMB",
          "Country_Code_1": "GM",
          "Country_Name": "Gambia"
        },
        {
          "Fifa": "GEO",
          "Phone_Prefix": "+995",
          "Country_Code_2": "GEO",
          "Country_Code_1": "GE",
          "Country_Name": "Georgia"
        },
        {
          "Fifa": "GER",
          "Phone_Prefix": "+49",
          "Country_Code_2": "DEU",
          "Country_Code_1": "DE",
          "Country_Name": "Germany"
        },
        {
          "Fifa": "GHA",
          "Phone_Prefix": "+233",
          "Country_Code_2": "GHA",
          "Country_Code_1": "GH",
          "Country_Name": "Ghana"
        },
        {
          "Fifa": "GBZ",
          "Phone_Prefix": "+350",
          "Country_Code_2": "GIB",
          "Country_Code_1": "GI",
          "Country_Name": "Gibraltar"
        },
        {
          "Fifa": "GRE",
          "Phone_Prefix": "+30",
          "Country_Code_2": "GRC",
          "Country_Code_1": "GR",
          "Country_Name": "Greece"
        },
        {
          "Fifa": "GRL",
          "Phone_Prefix": "+299",
          "Country_Code_2": "GRL",
          "Country_Code_1": "GL",
          "Country_Name": "Greenland"
        },
        {
          "Fifa": "GRN",
          "Phone_Prefix": "+1-473",
          "Country_Code_2": "GRD",
          "Country_Code_1": "GD",
          "Country_Name": "Grenada"
        },
        {
          "Fifa": "GLP",
          "Phone_Prefix": "+590",
          "Country_Code_2": "GLP",
          "Country_Code_1": "GP",
          "Country_Name": "Guadeloupe"
        },
        {
          "Fifa": "GUM",
          "Phone_Prefix": "+1-671",
          "Country_Code_2": "GUM",
          "Country_Code_1": "GU",
          "Country_Name": "Guam"
        },
        {
          "Fifa": "GUA",
          "Phone_Prefix": "+502",
          "Country_Code_2": "GTM",
          "Country_Code_1": "GT",
          "Country_Name": "Guatemala"
        },
        {
          "Fifa": "GBG",
          "Phone_Prefix": "+44",
          "Country_Code_2": "GGY",
          "Country_Code_1": "GG",
          "Country_Name": "Guernsey"
        },
        {
          "Fifa": "GUI",
          "Phone_Prefix": "+224",
          "Country_Code_2": "GIN",
          "Country_Code_1": "GN",
          "Country_Name": "Guinea"
        },
        {
          "Fifa": "GNB",
          "Phone_Prefix": "+245",
          "Country_Code_2": "GNB",
          "Country_Code_1": "GW",
          "Country_Name": "Guinea-Bissau"
        },
        {
          "Fifa": "GUY",
          "Phone_Prefix": "+592",
          "Country_Code_2": "GUY",
          "Country_Code_1": "GY",
          "Country_Name": "Guyana"
        },
        {
          "Fifa": "HAI",
          "Phone_Prefix": "+509",
          "Country_Code_2": "HTI",
          "Country_Code_1": "HT",
          "Country_Name": "Haiti"
        },
        {
          "Fifa": null,
          "Phone_Prefix": "+672",
          "Country_Code_2": "HMD",
          "Country_Code_1": "HM",
          "Country_Name": "Heard & McDonald Islands"
        },
        {
          "Fifa": "VAT",
          "Phone_Prefix": "+39-06",
          "Country_Code_2": "VAT",
          "Country_Code_1": "VA",
          "Country_Name": "Vatican City"
        },
        {
          "Fifa": "HON",
          "Phone_Prefix": "+504",
          "Country_Code_2": "HND",
          "Country_Code_1": "HN",
          "Country_Name": "Honduras"
        },
        {
          "Fifa": "HUN",
          "Phone_Prefix": "+36",
          "Country_Code_2": "HUN",
          "Country_Code_1": "HU",
          "Country_Name": "Hungary"
        },
        {
          "Fifa": "ISL",
          "Phone_Prefix": "+354",
          "Country_Code_2": "ISL",
          "Country_Code_1": "IS",
          "Country_Name": "Iceland"
        },
        {
          "Fifa": "IND",
          "Phone_Prefix": "+91",
          "Country_Code_2": "IND",
          "Country_Code_1": "IN",
          "Country_Name": "India"
        },
        {
          "Fifa": "IDN",
          "Phone_Prefix": "+62",
          "Country_Code_2": "IDN",
          "Country_Code_1": "ID",
          "Country_Name": "Indonesia"
        },
        {
          "Fifa": "IRN",
          "Phone_Prefix": "+98",
          "Country_Code_2": "IRN",
          "Country_Code_1": "IR",
          "Country_Name": "Iran"
        },
        {
          "Fifa": "IRQ",
          "Phone_Prefix": "+964",
          "Country_Code_2": "IRQ",
          "Country_Code_1": "IQ",
          "Country_Name": "Iraq"
        },
        {
          "Fifa": "IRL",
          "Phone_Prefix": "+353",
          "Country_Code_2": "IRL",
          "Country_Code_1": "IE",
          "Country_Name": "Ireland"
        },
        {
          "Fifa": "GBM",
          "Phone_Prefix": "+44",
          "Country_Code_2": "IMN",
          "Country_Code_1": "IM",
          "Country_Name": "Isle of Man"
        },
        {
          "Fifa": "ISR",
          "Phone_Prefix": "+972",
          "Country_Code_2": "ISR",
          "Country_Code_1": "IL",
          "Country_Name": "Israel"
        },
        {
          "Fifa": "ITA",
          "Phone_Prefix": "+39",
          "Country_Code_2": "ITA",
          "Country_Code_1": "IT",
          "Country_Name": "Italy"
        },
        {
          "Fifa": "JAM",
          "Phone_Prefix": "+1-876",
          "Country_Code_2": "JAM",
          "Country_Code_1": "JM",
          "Country_Name": "Jamaica"
        },
        {
          "Fifa": "JPN",
          "Phone_Prefix": "+81",
          "Country_Code_2": "JPN",
          "Country_Code_1": "JP",
          "Country_Name": "Japan"
        },
        {
          "Fifa": "GBJ",
          "Phone_Prefix": "+44",
          "Country_Code_2": "JEY",
          "Country_Code_1": "JE",
          "Country_Name": "Jersey"
        },
        {
          "Fifa": "JOR",
          "Phone_Prefix": "+962",
          "Country_Code_2": "JOR",
          "Country_Code_1": "JO",
          "Country_Name": "Jordan"
        },
        {
          "Fifa": "KAZ",
          "Phone_Prefix": "+7",
          "Country_Code_2": "KAZ",
          "Country_Code_1": "KZ",
          "Country_Name": "Kazakhstan"
        },
        {
          "Fifa": "KEN",
          "Phone_Prefix": "+254",
          "Country_Code_2": "KEN",
          "Country_Code_1": "KE",
          "Country_Name": "Kenya"
        },
        {
          "Fifa": "KIR",
          "Phone_Prefix": "+686",
          "Country_Code_2": "KIR",
          "Country_Code_1": "KI",
          "Country_Name": "Kiribati"
        },
        {
          "Fifa": "KUW",
          "Phone_Prefix": "+965",
          "Country_Code_2": "KWT",
          "Country_Code_1": "KW",
          "Country_Name": "Kuwait"
        },
        {
          "Fifa": "KGZ",
          "Phone_Prefix": "+996",
          "Country_Code_2": "KGZ",
          "Country_Code_1": "KG",
          "Country_Name": "Kyrgyzstan"
        },
        {
          "Fifa": "LAO",
          "Phone_Prefix": "+856",
          "Country_Code_2": "LAO",
          "Country_Code_1": "LA",
          "Country_Name": "Laos"
        },
        {
          "Fifa": "LVA",
          "Phone_Prefix": "+371",
          "Country_Code_2": "LVA",
          "Country_Code_1": "LV",
          "Country_Name": "Latvia"
        },
        {
          "Fifa": "LIB",
          "Phone_Prefix": "+961",
          "Country_Code_2": "LBN",
          "Country_Code_1": "LB",
          "Country_Name": "Lebanon"
        },
        {
          "Fifa": "LES",
          "Phone_Prefix": "+266",
          "Country_Code_2": "LSO",
          "Country_Code_1": "LS",
          "Country_Name": "Lesotho"
        },
        {
          "Fifa": "LBR",
          "Phone_Prefix": "+231",
          "Country_Code_2": "LBR",
          "Country_Code_1": "LR",
          "Country_Name": "Liberia"
        },
        {
          "Fifa": "LBY",
          "Phone_Prefix": "+218",
          "Country_Code_2": "LBY",
          "Country_Code_1": "LY",
          "Country_Name": "Libya"
        },
        {
          "Fifa": "LIE",
          "Phone_Prefix": "+423",
          "Country_Code_2": "LIE",
          "Country_Code_1": "LI",
          "Country_Name": "Liechtenstein"
        },
        {
          "Fifa": "LTU",
          "Phone_Prefix": "+370",
          "Country_Code_2": "LTU",
          "Country_Code_1": "LT",
          "Country_Name": "Lithuania"
        },
        {
          "Fifa": "LUX",
          "Phone_Prefix": "+352",
          "Country_Code_2": "LUX",
          "Country_Code_1": "LU",
          "Country_Name": "Luxembourg"
        },
        {
          "Fifa": "MAD",
          "Phone_Prefix": "+261",
          "Country_Code_2": "MDG",
          "Country_Code_1": "MG",
          "Country_Name": "Madagascar"
        },
        {
          "Fifa": "MWI",
          "Phone_Prefix": "+265",
          "Country_Code_2": "MWI",
          "Country_Code_1": "MW",
          "Country_Name": "Malawi"
        },
        {
          "Fifa": "MAS",
          "Phone_Prefix": "+60",
          "Country_Code_2": "MYS",
          "Country_Code_1": "MY",
          "Country_Name": "Malaysia"
        },
        {
          "Fifa": "MDV",
          "Phone_Prefix": "+960",
          "Country_Code_2": "MDV",
          "Country_Code_1": "MV",
          "Country_Name": "Maldives"
        },
        {
          "Fifa": "MLI",
          "Phone_Prefix": "+223",
          "Country_Code_2": "MLI",
          "Country_Code_1": "ML",
          "Country_Name": "Mali"
        },
        {
          "Fifa": "MLT",
          "Phone_Prefix": "+356",
          "Country_Code_2": "MLT",
          "Country_Code_1": "MT",
          "Country_Name": "Malta"
        },
        {
          "Fifa": "MHL",
          "Phone_Prefix": "+692",
          "Country_Code_2": "MHL",
          "Country_Code_1": "MH",
          "Country_Name": "Marshall Islands"
        },
        {
          "Fifa": "MTQ",
          "Phone_Prefix": "+596",
          "Country_Code_2": "MTQ",
          "Country_Code_1": "MQ",
          "Country_Name": "Martinique"
        },
        {
          "Fifa": "MTN",
          "Phone_Prefix": "+222",
          "Country_Code_2": "MRT",
          "Country_Code_1": "MR",
          "Country_Name": "Mauritania"
        },
        {
          "Fifa": "MRI",
          "Phone_Prefix": "+230",
          "Country_Code_2": "MUS",
          "Country_Code_1": "MU",
          "Country_Name": "Mauritius"
        },
        {
          "Fifa": "MYT",
          "Phone_Prefix": "+262",
          "Country_Code_2": "MYT",
          "Country_Code_1": "YT",
          "Country_Name": "Mayotte"
        },
        {
          "Fifa": "MEX",
          "Phone_Prefix": "+52",
          "Country_Code_2": "MEX",
          "Country_Code_1": "MX",
          "Country_Name": "Mexico"
        },
        {
          "Fifa": "FSM",
          "Phone_Prefix": "+691",
          "Country_Code_2": "FSM",
          "Country_Code_1": "FM",
          "Country_Name": "Micronesia"
        },
        {
          "Fifa": "MON",
          "Phone_Prefix": "+377",
          "Country_Code_2": "MCO",
          "Country_Code_1": "MC",
          "Country_Name": "Monaco"
        },
        {
          "Fifa": "MNG",
          "Phone_Prefix": "+976",
          "Country_Code_2": "MNG",
          "Country_Code_1": "MN",
          "Country_Name": "Mongolia"
        },
        {
          "Fifa": "MNE",
          "Phone_Prefix": "+382",
          "Country_Code_2": "MNE",
          "Country_Code_1": "ME",
          "Country_Name": "Montenegro"
        },
        {
          "Fifa": "MSR",
          "Phone_Prefix": "+1-664",
          "Country_Code_2": "MSR",
          "Country_Code_1": "MS",
          "Country_Name": "Montserrat"
        },
        {
          "Fifa": "MAR",
          "Phone_Prefix": "+212",
          "Country_Code_2": "MAR",
          "Country_Code_1": "MA",
          "Country_Name": "Morocco"
        },
        {
          "Fifa": "MOZ",
          "Phone_Prefix": "+258",
          "Country_Code_2": "MOZ",
          "Country_Code_1": "MZ",
          "Country_Name": "Mozambique"
        },
        {
          "Fifa": "MYA",
          "Phone_Prefix": "+95",
          "Country_Code_2": "MMR",
          "Country_Code_1": "MM",
          "Country_Name": "Myanmar"
        },
        {
          "Fifa": "NAM",
          "Phone_Prefix": "+264",
          "Country_Code_2": "NAM",
          "Country_Code_1": null,
          "Country_Name": "Namibia"
        },
        {
          "Fifa": "NRU",
          "Phone_Prefix": "+674",
          "Country_Code_2": "NRU",
          "Country_Code_1": "NR",
          "Country_Name": "Nauru"
        },
        {
          "Fifa": "NEP",
          "Phone_Prefix": "+977",
          "Country_Code_2": "NPL",
          "Country_Code_1": "NP",
          "Country_Name": "Nepal"
        },
        {
          "Fifa": "NED",
          "Phone_Prefix": "+31",
          "Country_Code_2": "NLD",
          "Country_Code_1": "NL",
          "Country_Name": "Netherlands"
        },
        {
          "Fifa": "NCL",
          "Phone_Prefix": "+687",
          "Country_Code_2": "NCL",
          "Country_Code_1": "NC",
          "Country_Name": "New Caledonia"
        },
        {
          "Fifa": "NZL",
          "Phone_Prefix": "+64",
          "Country_Code_2": "NZL",
          "Country_Code_1": "NZ",
          "Country_Name": "New Zealand"
        },
        {
          "Fifa": "NCA",
          "Phone_Prefix": "+505",
          "Country_Code_2": "NIC",
          "Country_Code_1": "NI",
          "Country_Name": "Nicaragua"
        },
        {
          "Fifa": "NIG",
          "Phone_Prefix": "+227",
          "Country_Code_2": "NER",
          "Country_Code_1": "NE",
          "Country_Name": "Niger"
        },
        {
          "Fifa": "NGA",
          "Phone_Prefix": "+234",
          "Country_Code_2": "NGA",
          "Country_Code_1": "NG",
          "Country_Name": "Nigeria"
        },
        {
          "Fifa": "NIU",
          "Phone_Prefix": "+683",
          "Country_Code_2": "NIU",
          "Country_Code_1": "NU",
          "Country_Name": "Niue"
        },
        {
          "Fifa": "NFK",
          "Phone_Prefix": "+672",
          "Country_Code_2": "NFK",
          "Country_Code_1": "NF",
          "Country_Name": "Norfolk Island"
        },
        {
          "Fifa": "NMI",
          "Phone_Prefix": "+1-670",
          "Country_Code_2": "MNP",
          "Country_Code_1": "MP",
          "Country_Name": "Northern Mariana Islands"
        },
        {
          "Fifa": "NOR",
          "Phone_Prefix": "+47",
          "Country_Code_2": "NOR",
          "Country_Code_1": "NO",
          "Country_Name": "Norway"
        },
        {
          "Fifa": "OMA",
          "Phone_Prefix": "+968",
          "Country_Code_2": "OMN",
          "Country_Code_1": "OM",
          "Country_Name": "Oman"
        },
        {
          "Fifa": "PAK",
          "Phone_Prefix": "+92",
          "Country_Code_2": "PAK",
          "Country_Code_1": "PK",
          "Country_Name": "Pakistan"
        },
        {
          "Fifa": "PLW",
          "Phone_Prefix": "+680",
          "Country_Code_2": "PLW",
          "Country_Code_1": "PW",
          "Country_Name": "Palau"
        },
        {
          "Fifa": "PAN",
          "Phone_Prefix": "+507",
          "Country_Code_2": "PAN",
          "Country_Code_1": "PA",
          "Country_Name": "Panama"
        },
        {
          "Fifa": "PNG",
          "Phone_Prefix": "+675",
          "Country_Code_2": "PNG",
          "Country_Code_1": "PG",
          "Country_Name": "Papua New Guinea"
        },
        {
          "Fifa": "PAR",
          "Phone_Prefix": "+595",
          "Country_Code_2": "PRY",
          "Country_Code_1": "PY",
          "Country_Name": "Paraguay"
        },
        {
          "Fifa": "PER",
          "Phone_Prefix": "+51",
          "Country_Code_2": "PER",
          "Country_Code_1": "PE",
          "Country_Name": "Peru"
        },
        {
          "Fifa": "PHI",
          "Phone_Prefix": "+63",
          "Country_Code_2": "PHL",
          "Country_Code_1": "PH",
          "Country_Name": "Philippines"
        },
        {
          "Fifa": "PCN",
          "Phone_Prefix": "+870",
          "Country_Code_2": "PCN",
          "Country_Code_1": "PN",
          "Country_Name": "Pitcairn Islands"
        },
        {
          "Fifa": "POL",
          "Phone_Prefix": "+48",
          "Country_Code_2": "POL",
          "Country_Code_1": "PL",
          "Country_Name": "Poland"
        },
        {
          "Fifa": "POR",
          "Phone_Prefix": "+351",
          "Country_Code_2": "PRT",
          "Country_Code_1": "PT",
          "Country_Name": "Portugal"
        },
        {
          "Fifa": "PUR",
          "Phone_Prefix": "+1",
          "Country_Code_2": "PRI",
          "Country_Code_1": "PR",
          "Country_Name": "Puerto Rico"
        },
        {
          "Fifa": "QAT",
          "Phone_Prefix": "+974",
          "Country_Code_2": "QAT",
          "Country_Code_1": "QA",
          "Country_Name": "Qatar"
        },
        {
          "Fifa": "KOR",
          "Phone_Prefix": "+82",
          "Country_Code_2": "KOR",
          "Country_Code_1": "KR",
          "Country_Name": "South Korea"
        },
        {
          "Fifa": "MDA",
          "Phone_Prefix": "+373",
          "Country_Code_2": "MDA",
          "Country_Code_1": "MD",
          "Country_Name": "Moldova"
        },
        {
          "Fifa": "ROU",
          "Phone_Prefix": "+40",
          "Country_Code_2": "ROU",
          "Country_Code_1": "RO",
          "Country_Name": "Romania"
        },
        {
          "Fifa": "RUS",
          "Phone_Prefix": "+7",
          "Country_Code_2": "RUS",
          "Country_Code_1": "RU",
          "Country_Name": "Russia"
        },
        {
          "Fifa": "RWA",
          "Phone_Prefix": "+250",
          "Country_Code_2": "RWA",
          "Country_Code_1": "RW",
          "Country_Name": "Rwanda"
        },
        {
          "Fifa": "REU",
          "Phone_Prefix": "+262",
          "Country_Code_2": "REU",
          "Country_Code_1": "RE",
          "Country_Name": "R\\u00e9union"
        },
        {
          "Fifa": null,
          "Phone_Prefix": "+590",
          "Country_Code_2": "BLM",
          "Country_Code_1": "BL",
          "Country_Name": "St. Barth\\u00e9lemy"
        },
        {
          "Fifa": "SHN",
          "Phone_Prefix": "+290",
          "Country_Code_2": "SHN",
          "Country_Code_1": "SH",
          "Country_Name": "St. Helena"
        },
        {
          "Fifa": "SKN",
          "Phone_Prefix": "+1-869",
          "Country_Code_2": "KNA",
          "Country_Code_1": "KN",
          "Country_Name": "St. Kitts & Nevis"
        },
        {
          "Fifa": "LCA",
          "Phone_Prefix": "+1-758",
          "Country_Code_2": "LCA",
          "Country_Code_1": "LC",
          "Country_Name": "St. Lucia"
        },
        {
          "Fifa": null,
          "Phone_Prefix": "+590",
          "Country_Code_2": "MAF",
          "Country_Code_1": "MF",
          "Country_Name": "St. Martin"
        },
        {
          "Fifa": "SPM",
          "Phone_Prefix": "+508",
          "Country_Code_2": "SPM",
          "Country_Code_1": "PM",
          "Country_Name": "St. Pierre & Miquelon"
        },
        {
          "Fifa": "VIN",
          "Phone_Prefix": "+1-784",
          "Country_Code_2": "VCT",
          "Country_Code_1": "VC",
          "Country_Name": "St. Vincent & Grenadines"
        },
        {
          "Fifa": "SAM",
          "Phone_Prefix": "+685",
          "Country_Code_2": "WSM",
          "Country_Code_1": "WS",
          "Country_Name": "Samoa"
        },
        {
          "Fifa": "SMR",
          "Phone_Prefix": "+378",
          "Country_Code_2": "SMR",
          "Country_Code_1": "SM",
          "Country_Name": "San Marino"
        },
        {
          "Fifa": "STP",
          "Phone_Prefix": "+239",
          "Country_Code_2": "STP",
          "Country_Code_1": "ST",
          "Country_Name": "S\\u00e3o Tom\\u00e9 & Pr\\u00edncipe"
        },
        {
          "Fifa": "KSA",
          "Phone_Prefix": "+966",
          "Country_Code_2": "SAU",
          "Country_Code_1": "SA",
          "Country_Name": "Saudi Arabia"
        },
        {
          "Fifa": "SEN",
          "Phone_Prefix": "+221",
          "Country_Code_2": "SEN",
          "Country_Code_1": "SN",
          "Country_Name": "Senegal"
        },
        {
          "Fifa": "SRB",
          "Phone_Prefix": "+381",
          "Country_Code_2": "SRB",
          "Country_Code_1": "RS",
          "Country_Name": "Serbia"
        },
        {
          "Fifa": "SEY",
          "Phone_Prefix": "+248",
          "Country_Code_2": "SYC",
          "Country_Code_1": "SC",
          "Country_Name": "Seychelles"
        },
        {
          "Fifa": "SLE",
          "Phone_Prefix": "+232",
          "Country_Code_2": "SLE",
          "Country_Code_1": "SL",
          "Country_Name": "Sierra Leone"
        },
        {
          "Fifa": "SIN",
          "Phone_Prefix": "+65",
          "Country_Code_2": "SGP",
          "Country_Code_1": "SG",
          "Country_Name": "Singapore"
        },
        {
          "Fifa": null,
          "Phone_Prefix": "+1-721",
          "Country_Code_2": "SXM",
          "Country_Code_1": "SX",
          "Country_Name": "Sint Maarten"
        },
        {
          "Fifa": "SVK",
          "Phone_Prefix": "+421",
          "Country_Code_2": "SVK",
          "Country_Code_1": "SK",
          "Country_Name": "Slovakia"
        },
        {
          "Fifa": "SVN",
          "Phone_Prefix": "+386",
          "Country_Code_2": "SVN",
          "Country_Code_1": "SI",
          "Country_Name": "Slovenia"
        },
        {
          "Fifa": "SOL",
          "Phone_Prefix": "+677",
          "Country_Code_2": "SLB",
          "Country_Code_1": "SB",
          "Country_Name": "Solomon Islands"
        },
        {
          "Fifa": "SOM",
          "Phone_Prefix": "+252",
          "Country_Code_2": "SOM",
          "Country_Code_1": "SO",
          "Country_Name": "Somalia"
        },
        {
          "Fifa": "RSA",
          "Phone_Prefix": "+27",
          "Country_Code_2": "ZAF",
          "Country_Code_1": "ZA",
          "Country_Name": "South Africa"
        },
        {
          "Fifa": null,
          "Phone_Prefix": "+500",
          "Country_Code_2": "SGS",
          "Country_Code_1": "GS",
          "Country_Name": "South Georgia & South Sandwich Islands"
        },
        {
          "Fifa": null,
          "Phone_Prefix": "+211",
          "Country_Code_2": "SSD",
          "Country_Code_1": "SS",
          "Country_Name": "South Sudan"
        },
        {
          "Fifa": "ESP",
          "Phone_Prefix": "+34",
          "Country_Code_2": "ESP",
          "Country_Code_1": "ES",
          "Country_Name": "Spain"
        },
        {
          "Fifa": "SRI",
          "Phone_Prefix": "+94",
          "Country_Code_2": "LKA",
          "Country_Code_1": "LK",
          "Country_Name": "Sri Lanka"
        },
        {
          "Fifa": "PLE",
          "Phone_Prefix": "+970",
          "Country_Code_2": "PSE",
          "Country_Code_1": "PS",
          "Country_Name": "Palestine"
        },
        {
          "Fifa": "SUD",
          "Phone_Prefix": "+249",
          "Country_Code_2": "SDN",
          "Country_Code_1": "SD",
          "Country_Name": "Sudan"
        },
        {
          "Fifa": "SUR",
          "Phone_Prefix": "+597",
          "Country_Code_2": "SUR",
          "Country_Code_1": "SR",
          "Country_Name": "Suriname"
        },
        {
          "Fifa": null,
          "Phone_Prefix": "+47",
          "Country_Code_2": "SJM",
          "Country_Code_1": "SJ",
          "Country_Name": "Svalbard & Jan Mayen"
        },
        {
          "Fifa": "SWE",
          "Phone_Prefix": "+46",
          "Country_Code_2": "SWE",
          "Country_Code_1": "SE",
          "Country_Name": "Sweden"
        },
        {
          "Fifa": "SUI",
          "Phone_Prefix": "+41",
          "Country_Code_2": "CHE",
          "Country_Code_1": "CH",
          "Country_Name": "Switzerland"
        },
        {
          "Fifa": "SYR",
          "Phone_Prefix": "+963",
          "Country_Code_2": "SYR",
          "Country_Code_1": "SY",
          "Country_Name": "Syria"
        },
        {
          "Fifa": "TJK",
          "Phone_Prefix": "+992",
          "Country_Code_2": "TJK",
          "Country_Code_1": "TJ",
          "Country_Name": "Tajikistan"
        },
        {
          "Fifa": "THA",
          "Phone_Prefix": "+66",
          "Country_Code_2": "THA",
          "Country_Code_1": "TH",
          "Country_Name": "Thailand"
        },
        {
          "Fifa": "MKD",
          "Phone_Prefix": "+389",
          "Country_Code_2": "MKD",
          "Country_Code_1": "MK",
          "Country_Name": "North Macedonia"
        },
        {
          "Fifa": "TLS",
          "Phone_Prefix": "+670",
          "Country_Code_2": "TLS",
          "Country_Code_1": "TL",
          "Country_Name": "Timor-Leste"
        },
        {
          "Fifa": "TOG",
          "Phone_Prefix": "+228",
          "Country_Code_2": "TGO",
          "Country_Code_1": "TG",
          "Country_Name": "Togo"
        },
        {
          "Fifa": "TKL",
          "Phone_Prefix": "+690",
          "Country_Code_2": "TKL",
          "Country_Code_1": "TK",
          "Country_Name": "Tokelau"
        },
        {
          "Fifa": "TGA",
          "Phone_Prefix": "+676",
          "Country_Code_2": "TON",
          "Country_Code_1": "TO",
          "Country_Name": "Tonga"
        },
        {
          "Fifa": "TRI",
          "Phone_Prefix": "+1-868",
          "Country_Code_2": "TTO",
          "Country_Code_1": "TT",
          "Country_Name": "Trinidad & Tobago"
        },
        {
          "Fifa": "TUN",
          "Phone_Prefix": "+216",
          "Country_Code_2": "TUN",
          "Country_Code_1": "TN",
          "Country_Name": "Tunisia"
        },
        {
          "Fifa": "TUR",
          "Phone_Prefix": "+90",
          "Country_Code_2": "TUR",
          "Country_Code_1": "TR",
          "Country_Name": "Turkey"
        },
        {
          "Fifa": "TKM",
          "Phone_Prefix": "+993",
          "Country_Code_2": "TKM",
          "Country_Code_1": "TM",
          "Country_Name": "Turkmenistan"
        },
        {
          "Fifa": "TCA",
          "Phone_Prefix": "+1-649",
          "Country_Code_2": "TCA",
          "Country_Code_1": "TC",
          "Country_Name": "Turks & Caicos Islands"
        },
        {
          "Fifa": "TUV",
          "Phone_Prefix": "+688",
          "Country_Code_2": "TUV",
          "Country_Code_1": "TV",
          "Country_Name": "Tuvalu"
        },
        {
          "Fifa": "UGA",
          "Phone_Prefix": "+256",
          "Country_Code_2": "UGA",
          "Country_Code_1": "UG",
          "Country_Name": "Uganda"
        },
        {
          "Fifa": "UKR",
          "Phone_Prefix": "+380",
          "Country_Code_2": "UKR",
          "Country_Code_1": "UA",
          "Country_Name": "Ukraine"
        },
        {
          "Fifa": "UAE",
          "Phone_Prefix": "+971",
          "Country_Code_2": "ARE",
          "Country_Code_1": "AE",
          "Country_Name": "United Arab Emirates"
        },
        {
          "Fifa": "UK",
          "Phone_Prefix": "+44",
          "Country_Code_2": "GBR",
          "Country_Code_1": "GB",
          "Country_Name": "UK"
        },
        {
          "Fifa": "TAN",
          "Phone_Prefix": "+255",
          "Country_Code_2": "TZA",
          "Country_Code_1": "TZ",
          "Country_Name": "Tanzania"
        },
        {
          "Fifa": "VIR",
          "Phone_Prefix": "+1-340",
          "Country_Code_2": "VIR",
          "Country_Code_1": "VI",
          "Country_Name": "U.S. Virgin Islands"
        },
        {
          "Fifa": "USA",
          "Phone_Prefix": "+1",
          "Country_Code_2": "USA",
          "Country_Code_1": "US",
          "Country_Name": "US"
        },
        {
          "Fifa": "URU",
          "Phone_Prefix": "+598",
          "Country_Code_2": "URY",
          "Country_Code_1": "UY",
          "Country_Name": "Uruguay"
        },
        {
          "Fifa": "UZB",
          "Phone_Prefix": "+998",
          "Country_Code_2": "UZB",
          "Country_Code_1": "UZ",
          "Country_Name": "Uzbekistan"
        },
        {
          "Fifa": "VAN",
          "Phone_Prefix": "+678",
          "Country_Code_2": "VUT",
          "Country_Code_1": "VU",
          "Country_Name": "Vanuatu"
        },
        {
          "Fifa": "VEN",
          "Phone_Prefix": "+58",
          "Country_Code_2": "VEN",
          "Country_Code_1": "VE",
          "Country_Name": "Venezuela"
        },
        {
          "Fifa": "VIE",
          "Phone_Prefix": "+84",
          "Country_Code_2": "VNM",
          "Country_Code_1": "VN",
          "Country_Name": "Vietnam"
        },
        {
          "Fifa": "WLF",
          "Phone_Prefix": "+681",
          "Country_Code_2": "WLF",
          "Country_Code_1": "WF",
          "Country_Name": "Wallis & Futuna"
        },
        {
          "Fifa": "SAH",
          "Phone_Prefix": "+212",
          "Country_Code_2": "ESH",
          "Country_Code_1": "EH",
          "Country_Name": "Western Sahara"
        },
        {
          "Fifa": "YEM",
          "Phone_Prefix": "+967",
          "Country_Code_2": "YEM",
          "Country_Code_1": "YE",
          "Country_Name": "Yemen"
        },
        {
          "Fifa": "ZAM",
          "Phone_Prefix": "+260",
          "Country_Code_2": "ZMB",
          "Country_Code_1": "ZM",
          "Country_Name": "Zambia"
        },
        {
          "Fifa": "ZIM",
          "Phone_Prefix": "+263",
          "Country_Code_2": "ZWE",
          "Country_Code_1": "ZW",
          "Country_Name": "Zimbabwe"
        },
        {
          "Fifa": "ALD",
          "Phone_Prefix": "+358",
          "Country_Code_2": "ALA",
          "Country_Code_1": "AX",
          "Country_Name": "Aland Islands"
        }
    ]
}